[{"id":"user-image-646135.png","fileName":"646135.png","name":"646135","publicUrl":"https://assets.nicepagecdn.com/2c65cc53/6300901/images/646135.png","size":2316,"hash":"JEv838J6rQdgz7pcZnhU6sdhTWc=","width":128,"height":128,"folderId":null,"thumbnail":{"url":"https://assets.nicepagecdn.com/2c65cc53/6300901/images/646135.png","width":128,"height":128},"usages":[]},{"id":"user-image-2549872.png","fileName":"2549872.png","name":"2549872","publicUrl":"https://assets.nicepagecdn.com/2c65cc53/6300901/images/2549872.png","size":2658,"hash":"Y7EwB3Fpc8veuuIhX4k9IZD1bBc=","width":128,"height":128,"folderId":null,"thumbnail":{"url":"https://assets.nicepagecdn.com/2c65cc53/6300901/images/2549872.png","width":128,"height":128},"usages":[]},{"id":"user-image-542689.png","fileName":"542689.png","name":"542689","publicUrl":"https://assets.nicepagecdn.com/2c65cc53/6300901/images/542689.png","size":1731,"hash":"ctr3nUQKtqpakt950laXL2mvUwM=","width":128,"height":128,"folderId":null,"thumbnail":{"url":"https://assets.nicepagecdn.com/2c65cc53/6300901/images/542689.png","width":128,"height":128},"usages":[]},{"id":"user-image-174855.png","fileName":"174855.png","name":"174855","publicUrl":"https://assets.nicepagecdn.com/2c65cc53/6300901/images/174855.png","size":3923,"hash":"fDYnMz3GGzzhDU1qjPTlNkV3loU=","width":128,"height":128,"folderId":null,"thumbnail":{"url":"https://assets.nicepagecdn.com/2c65cc53/6300901/images/174855.png","width":128,"height":128},"usages":[]},{"id":"user-image-panel8.jpg","fileName":"panel8.jpg","name":"panel8","publicUrl":"https://assets.nicepagecdn.com/2c65cc53/6300901/images/panel8.jpg","size":11535,"hash":"8Bzwc3BvVNHbWsMDBz4i16h1XwE=","width":236,"height":371,"folderId":null,"thumbnail":{"url":"https://assets.nicepagecdn.com/2c65cc53/6300901/images/thumbnails/panel8.jpg","width":95,"height":150},"usages":["6300902"]},{"id":"user-image-panel10.jpg","fileName":"panel10.jpg","name":"panel10","publicUrl":"https://assets.nicepagecdn.com/2c65cc53/6300901/images/panel10.jpg","size":38102,"hash":"b5Pcc4JPCUU4/UcIZZpx2Qxw3n4=","width":563,"height":846,"folderId":null,"thumbnail":{"url":"https://assets.nicepagecdn.com/2c65cc53/6300901/images/thumbnails/panel10.jpg","width":100,"height":150},"usages":["6300902"]},{"id":"user-image-panel11.jpg","fileName":"panel11.jpg","name":"panel11","publicUrl":"https://assets.nicepagecdn.com/2c65cc53/6300901/images/panel11.jpg","size":25479,"hash":"6b3Sl7iJuND+H8eCukbOjdGK/qo=","width":564,"height":423,"folderId":null,"thumbnail":{"url":"https://assets.nicepagecdn.com/2c65cc53/6300901/images/thumbnails/panel11.jpg","width":150,"height":113},"usages":["6300902"]},{"id":"user-image-panel9.jpg","fileName":"panel9.jpg","name":"panel9","publicUrl":"https://assets.nicepagecdn.com/2c65cc53/6300901/images/panel9.jpg","size":36041,"hash":"CbYCCrUyHxu58UHgtwEPeFhUOoY=","width":735,"height":591,"folderId":null,"thumbnail":{"url":"https://assets.nicepagecdn.com/2c65cc53/6300901/images/thumbnails/panel9.jpg","width":150,"height":121},"usages":["6300902"]},{"id":"user-image-panel7.jpg","fileName":"panel7.jpg","name":"panel7","publicUrl":"https://assets.nicepagecdn.com/2c65cc53/6300901/images/panel7.jpg","size":22558,"hash":"z1IjLC1kwhnU6lbX/TEZHF6lRUY=","width":386,"height":386,"folderId":null,"thumbnail":{"url":"https://assets.nicepagecdn.com/2c65cc53/6300901/images/thumbnails/panel7.jpg","width":150,"height":150},"usages":["6300902"]},{"id":"user-image-panel6.jpg","fileName":"panel6.jpg","name":"panel6","publicUrl":"https://assets.nicepagecdn.com/2c65cc53/6300901/images/panel6.jpg","size":41921,"hash":"YyqMcQQO1vhh2YDvg9AZc833Eb8=","width":564,"height":370,"folderId":null,"thumbnail":{"url":"https://assets.nicepagecdn.com/2c65cc53/6300901/images/thumbnails/panel6.jpg","width":150,"height":98},"usages":["6300902"]},{"id":"user-image-panel5.jpg","fileName":"panel5.jpg","name":"panel5","publicUrl":"https://assets.nicepagecdn.com/2c65cc53/6300901/images/panel5.jpg","size":64253,"hash":"QTAG0/fh0f3xRoTMTYg3fBT/Rt8=","width":564,"height":804,"folderId":null,"thumbnail":{"url":"https://assets.nicepagecdn.com/2c65cc53/6300901/images/thumbnails/panel5.jpg","width":105,"height":150},"usages":[]},{"id":"user-image-panel4.jpg","fileName":"panel4.jpg","name":"panel4","publicUrl":"https://assets.nicepagecdn.com/2c65cc53/6300901/images/panel4.jpg","size":74293,"hash":"QLj1XO3v+jb6Al3vRj53fkgJO5s=","width":736,"height":736,"folderId":null,"thumbnail":{"url":"https://assets.nicepagecdn.com/2c65cc53/6300901/images/thumbnails/panel4.jpg","width":150,"height":150},"usages":["6300902"]},{"id":"user-image-panel3.jpg","fileName":"panel3.jpg","name":"panel3","publicUrl":"https://assets.nicepagecdn.com/2c65cc53/6300901/images/panel3.jpg","size":73378,"hash":"NJDBhlD8f386AxkR31e88tYXdbo=","width":564,"height":1002,"folderId":null,"thumbnail":{"url":"https://assets.nicepagecdn.com/2c65cc53/6300901/images/thumbnails/panel3.jpg","width":84,"height":150},"usages":["6300902"]},{"id":"user-image-panel2.jpg","fileName":"panel2.jpg","name":"panel2","publicUrl":"https://assets.nicepagecdn.com/2c65cc53/6300901/images/panel2.jpg","size":49859,"hash":"0f0qCCmTitPVa0Hk0RoJ9bk7YpA=","width":564,"height":564,"folderId":null,"thumbnail":{"url":"https://assets.nicepagecdn.com/2c65cc53/6300901/images/thumbnails/panel2.jpg","width":150,"height":150},"usages":["6300902"]},{"id":"user-image-panel1.jpg","fileName":"panel1.jpg","name":"panel1","publicUrl":"https://assets.nicepagecdn.com/2c65cc53/6300901/images/panel1.jpg","size":103251,"hash":"9S7bj2nSCw8IxIrxza27f8S2qLg=","width":600,"height":1079,"folderId":null,"thumbnail":{"url":"https://assets.nicepagecdn.com/2c65cc53/6300901/images/thumbnails/panel1.jpg","width":83,"height":150},"usages":["6300902"]},{"id":"user-image-front.jpg","fileName":"front.jpg","name":"front","publicUrl":"https://assets.nicepagecdn.com/2c65cc53/6300901/images/front.jpg","size":151672,"hash":"d7BcycGJSFQL80dDJ8UKNq1Ccb4=","width":1080,"height":864,"folderId":null,"thumbnail":{"url":"https://assets.nicepagecdn.com/2c65cc53/6300901/images/thumbnails/front.jpg","width":150,"height":120},"usages":[]},{"id":"user-image-best-free-interior-design-software-scaled.webp","fileName":"best-free-interior-design-software-scaled.webp","name":"best-free-interior-design-software-scaled","publicUrl":"https://assets.nicepagecdn.com/2c65cc53/6300901/images/best-free-interior-design-software-scaled.webp","size":86852,"hash":"XjJXzZLQkeD+i8Gx/8t28jkbSv0=","width":2048,"height":1152,"folderId":null,"thumbnail":{"url":"https://assets.nicepagecdn.com/2c65cc53/6300901/images/best-free-interior-design-software-scaled.webp","width":2048,"height":1152},"usages":[]},{"id":"user-image-light.jpg","fileName":"light.jpg","name":"light","publicUrl":"https://assets.nicepagecdn.com/2c65cc53/6300901/images/light.jpg","size":318002,"hash":"bhqE8z3NAxP+qv76c4kIsNtB1RA=","width":2064,"height":1546,"folderId":null,"thumbnail":{"url":"https://assets.nicepagecdn.com/2c65cc53/6300901/images/thumbnails/light.jpg","width":150,"height":112},"usages":["1816425117"]},{"id":"user-image-Dark-beige-living-room-with-a-soft-prestigious-interior-.jpeg","fileName":"Dark-beige-living-room-with-a-soft-prestigious-interior-.jpeg","name":"Dark-beige-living-room-with-a-soft-prestigious-interior-","publicUrl":"https://assets.nicepagecdn.com/2c65cc53/6300901/images/Dark-beige-living-room-with-a-soft-prestigious-interior-.jpeg","size":161425,"hash":"AIsnGlnG2dQ9rGl0pM0INND7eCY=","width":1287,"height":657,"folderId":null,"thumbnail":{"url":"https://assets.nicepagecdn.com/2c65cc53/6300901/images/thumbnails/Dark-beige-living-room-with-a-soft-prestigious-interior-.jpeg","width":150,"height":77},"usages":[]},{"id":"user-image-Living-room-interior-design-display-interior-exterior-plan.jpg","fileName":"Living-room-interior-design-display-interior-exterior-plan.jpg","name":"Living-room-interior-design-display-interior-exterior-plan","publicUrl":"https://assets.nicepagecdn.com/2c65cc53/6300901/images/Living-room-interior-design-display-interior-exterior-plan.jpg","size":519171,"hash":"NVtQBWq8VyE/OBJLCxKhqNddFzw=","width":1920,"height":1278,"folderId":null,"thumbnail":{"url":"https://assets.nicepagecdn.com/2c65cc53/6300901/images/thumbnails/Living-room-interior-design-display-interior-exterior-plan.jpg","width":150,"height":100},"usages":["6300902","483304719"]},{"id":"user-image-Shrijiinteriordecoration.jpg","fileName":"Shrijiinteriordecoration.jpg","name":"Shrijiinteriordecoration","publicUrl":"https://assets.nicepagecdn.com/2c65cc53/6300901/images/Shrijiinteriordecoration.jpg","size":23492,"hash":"2jNPt0ZW/nH+mpVqIestinhLi58=","width":344,"height":323,"folderId":null,"thumbnail":{"url":"https://assets.nicepagecdn.com/2c65cc53/6300901/images/thumbnails/Shrijiinteriordecoration.jpg","width":150,"height":141},"usages":[]}]