[{"id":6300902,"title":"interior 1","order":null,"templateKey":null,"customTemplate":false,"customTemplateFilename":null,"pageLinks":["1816425117"],"dateCreated":"2024-07-13T08:07:16.887","dateUpdated":"2024-07-18T09:26:20.738Z","folderId":844413877,"pageName":"interior 1_6300902","sectionCount":6,"status":2},{"id":844413877,"isFolder":true,"title":"interior","status":2,"order":null,"dateCreated":null,"dateUpdated":null,"folderId":null},{"id":175327649,"title":"Blog Template","order":1,"templateKey":"blog","customTemplate":false,"customTemplateFilename":null,"pageLinks":[],"dateCreated":"2024-07-13T08:07:37.519Z","dateUpdated":"2024-07-13T08:07:38.397Z","folderId":null,"pageName":"Blog Template","sectionCount":1,"status":2},{"id":969711411,"title":"Post Template","order":2,"templateKey":"post","customTemplate":false,"customTemplateFilename":null,"pageLinks":[],"dateCreated":"2024-07-13T08:07:37.650Z","dateUpdated":"2024-07-13T08:07:38.402Z","folderId":null,"pageName":"Post Template","sectionCount":1,"status":2},{"id":16476229,"title":"Product List Template","order":3,"templateKey":"products","customTemplate":false,"customTemplateFilename":null,"pageLinks":[],"dateCreated":"2024-07-13T08:07:37.766Z","dateUpdated":"2024-07-13T08:07:38.408Z","folderId":null,"pageName":"Product List Template","sectionCount":1,"status":2},{"id":258296693,"title":"Product Details Template","order":4,"templateKey":"product","customTemplate":false,"customTemplateFilename":null,"pageLinks":[],"dateCreated":"2024-07-13T08:07:37.929Z","dateUpdated":"2024-07-13T08:07:38.409Z","folderId":null,"pageName":"Product Details Template","sectionCount":1,"status":2},{"id":7618620,"title":"Shopping Cart Template","order":5,"templateKey":"cart","customTemplate":false,"customTemplateFilename":null,"pageLinks":[],"dateCreated":"2024-07-13T08:07:38.042Z","dateUpdated":"2024-07-13T08:07:38.409Z","folderId":null,"pageName":"Shopping Cart Template","sectionCount":1,"status":2},{"id":1925566,"title":"Login Template","order":7,"templateKey":"login","customTemplate":false,"customTemplateFilename":null,"pageLinks":[],"dateCreated":"2024-07-13T08:07:38.171Z","dateUpdated":"2024-07-13T08:07:38.409Z","folderId":null,"pageName":"Login Template","sectionCount":1,"status":2},{"id":51006441,"title":"Password Template","order":8,"templateKey":"password","customTemplate":false,"customTemplateFilename":null,"pageLinks":[],"dateCreated":"2024-07-13T08:07:38.231Z","dateUpdated":"2024-07-13T08:07:38.409Z","folderId":null,"pageName":"Password Template","sectionCount":1,"status":2},{"id":52597496,"title":"404 Not Found Template","order":9,"templateKey":"404","customTemplate":false,"customTemplateFilename":null,"pageLinks":[],"dateCreated":"2024-07-13T08:07:38.292Z","dateUpdated":"2024-07-13T08:07:38.410Z","folderId":null,"pageName":"404 Not Found Template","sectionCount":1,"status":2},{"id":26476230,"title":"Thank You Template","order":10,"templateKey":"ThankYou","customTemplate":false,"customTemplateFilename":null,"pageLinks":[],"dateCreated":"2024-07-13T08:07:38.342Z","dateUpdated":"2024-07-13T08:07:38.410Z","folderId":null,"pageName":"Thank You Template","sectionCount":1,"status":2},{"id":1816425117,"title":"About us","order":11,"templateKey":null,"customTemplate":false,"customTemplateFilename":null,"pageLinks":[],"dateCreated":"2024-07-13T08:38:37.910Z","dateUpdated":"2024-07-18T09:14:49.685Z","folderId":844413877,"pageName":"About us_1816425117","sectionCount":1,"status":2},{"id":483304719,"title":"contact us","order":12,"templateKey":null,"customTemplate":false,"customTemplateFilename":null,"pageLinks":[],"dateCreated":"2024-07-17T07:13:22.085Z","dateUpdated":"2024-07-18T08:57:37.984Z","folderId":844413877,"pageName":"contact us_483304719","sectionCount":1,"status":2}]